{
 "shells": [
  [
   0.0,
   0.054,
   2
  ],
  [
   1.0,
   0.073,
   52
  ],
  [
   2.0,
   0.075,
   196
  ],
  [
   3.0,
   0.255,
   436
  ],
  [
   4.0,
   0.764,
   772
  ],
  [
   5.0,
   0.819,
   542
  ]
 ],
 "steepest": [
  [
   4.0,
   0.509
  ],
  [
   3.0,
   0.18
  ],
  [
   5.0,
   0.05499999999999994
  ],
  [
   1.0,
   0.018999999999999996
  ]
 ],
 "crystal_halfwidth": 3.0,
 "center": [
  4.75,
  4.75,
  4.75
 ]
}