{"truncated_octahedron": {"verts": [[0, -1, -2], [0, -2, -1], [0, -2, 1], [2, 1, 0], [-1, 0, 2], [0, 2, -1], [0, 2, 1], [1, 0, -2], [2, 0, -1], [2, 0, 1], [-2, 1, 0], [0, 1, 2], [1, -2, 0], [2, -1, 0], [-2, 0, 1], [-2, 0, -1], [-1, 0, -2], [0, 1, -2], [-2, -1, 0], [-1, -2, 0], [0, -1, 2], [1, 2, 0], [-1, 2, 0], [1, 0, 2]], "indices": [12, 1, 0, 12, 0, 7, 12, 7, 8, 12, 8, 13, 15, 16, 0, 15, 0, 1, 15, 1, 19, 15, 19, 18, 17, 7, 0, 17, 0, 16, 19, 1, 12, 19, 12, 2, 18, 19, 2, 18, 2, 20, 18, 20, 4, 18, 4, 14, 23, 20, 2, 23, 2, 12, 23, 12, 13, 23, 13, 9, 5, 21, 3, 5, 3, 8, 5, 8, 7, 5, 7, 17, 23, 9, 3, 23, 3, 21, 23, 21, 6, 23, 6, 11, 8, 3, 9, 8, 9, 13, 10, 14, 4, 10, 4, 11, 10, 11, 6, 10, 6, 22, 11, 4, 20, 11, 20, 23, 21, 5, 22, 21, 22, 6, 10, 22, 5, 10, 5, 17, 10, 17, 16, 10, 16, 15, 14, 10, 15, 14, 15, 18], "scale": 0.3}, "truncated_dodecahedron": {"verts": [[0.618034, -1.618034, 3.236068], [0.618034, -1.618034, -3.236068], [0.618034, -3.618034, 0], [0, -0.618034, 3.618034], [-2, 2.618034, -1.618034], [0, -0.618034, -3.618034], [-2.618034, 1.618034, -2], [1.618034, -2, -2.618034], [-2.618034, -1.618034, 2], [3.618034, 0, -0.618034], [2.618034, 1.618034, 2], [-3.236068, -0.618034, -1.618034], [2, -2.618034, 1.618034], [1.618034, 3.236068, 0.618034], [-1.618034, 3.236068, -0.618034], [-0.618034, 3.618034, 0], [-1.618034, -2, 2.618034], [-0.618034, 1.618034, -3.236068], [2.618034, -1.618034, 2], [-0.618034, 1.618034, 3.236068], [-3.618034, 0, 0.618034], [2, -2.618034, -1.618034], [1.618034, 2, -2.618034], [1.618034, -3.236068, 0.618034], [-1.618034, -3.236068, -0.618034], [3.236068, 0.618034, 1.618034], [-2.618034, -1.618034, -2], [-1.618034, 2, 2.618034], [2.618034, 1.618034, -2], [-2, -2.618034, 1.618034], [3.236068, 0.618034, -1.618034], [2.618034, -1.618034, -2], [3.618034, 0, 0.618034], [-2, 2.618034, 1.618034], [1.618034, -2, 2.618034], [-2, -2.618034, -1.618034], [0, 0.618034, 3.618034], [1.618034, 3.236068, -0.618034], [-1.618034, 3.236068, 0.618034], [-0.618034, -1.618034, -3.236068], [-3.236068, 0.618034, 1.618034], [-1.618034, -2, -2.618034], [3.236068, -0.618034, 1.618034], [-0.618034, -1.618034, 3.236068], [-0.618034, -3.618034, 0], [2, 2.618034, 1.618034], [-3.236068, 0.618034, -1.618034], [0, 0.618034, -3.618034], [-3.618034, 0, -0.618034], [0.618034, 3.618034, 0], [0.618034, 1.618034, -3.236068], [1.618034, -3.236068, -0.618034], [-2.618034, 1.618034, 2], [0.618034, 1.618034, 3.236068], [1.618034, 2, 2.618034], [-1.618034, -3.236068, 0.618034], [3.236068, -0.618034, -1.618034], [-1.618034, 2, -2.618034], [2, 2.618034, -1.618034], [-3.236068, -0.618034, 1.618034]], "indices": [2, 23, 12, 2, 12, 34, 2, 34, 0, 2, 0, 43, 2, 43, 16, 2, 16, 29, 2, 29, 55, 2, 55, 44, 54, 53, 36, 54, 36, 3, 54, 3, 0, 54, 0, 34, 54, 34, 18, 54, 18, 42, 54, 42, 25, 54, 25, 10, 43, 0, 3, 24, 35, 41, 24, 41, 39, 24, 39, 1, 24, 1, 7, 24, 7, 21, 24, 21, 51, 24, 51, 2, 24, 2, 44, 28, 30, 56, 28, 56, 31, 28, 31, 7, 28, 7, 1, 28, 1, 5, 28, 5, 47, 28, 47, 50, 28, 50, 22, 5, 1, 39, 23, 2, 51, 59, 8, 16, 59, 16, 43, 59, 43, 3, 59, 3, 36, 59, 36, 19, 59, 19, 27, 59, 27, 52, 59, 52, 40, 52, 33, 38, 52, 38, 14, 52, 14, 4, 52, 4, 6, 52, 6, 46, 52, 46, 48, 52, 48, 20, 52, 20, 40, 6, 4, 57, 58, 22, 50, 58, 50, 17, 58, 17, 57, 58, 57, 4, 58, 4, 14, 58, 14, 15, 58, 15, 49, 58, 49, 37, 6, 57, 17, 6, 17, 47, 6, 47, 5, 6, 5, 39, 6, 39, 41, 6, 41, 26, 6, 26, 11, 6, 11, 46, 21, 7, 31, 26, 35, 24, 26, 24, 55, 26, 55, 29, 26, 29, 8, 26, 8, 59, 26, 59, 20, 26, 20, 48, 26, 48, 11, 16, 8, 29, 45, 10, 25, 45, 25, 32, 45, 32, 9, 45, 9, 30, 45, 30, 28, 45, 28, 58, 45, 58, 37, 45, 37, 13, 51, 21, 31, 51, 31, 56, 51, 56, 9, 51, 9, 32, 51, 32, 42, 51, 42, 18, 51, 18, 12, 51, 12, 23, 30, 9, 56, 54, 10, 45, 46, 11, 48, 34, 12, 18, 27, 19, 53, 27, 53, 54, 27, 54, 45, 27, 45, 13, 27, 13, 49, 27, 49, 15, 27, 15, 38, 27, 38, 33, 49, 13, 37, 15, 14, 38, 47, 17, 50, 53, 19, 36, 40, 20, 59, 28, 22, 58, 55, 24, 44, 32, 25, 42, 35, 26, 41, 52, 27, 33], "scale": 0.11}}